X,Y,GID,MHN,IDENTIFICA,RESOLUCION,DIRECCION,AUTORIA,FECHA,DECRETO
-56.3095637606737,-34.8922965836808,43165720,B.I.D,Ejemplar de Eucaliptus diversicolor,895/11,,,,
-56.1914186826361,-34.9058979990794,43165728,M.H.N,Monumento a la PAZ,1170/976,,,,
-56.1643502720192,-34.8973843735071,43165729,M.H.N,Monumento a los Constituyentes de 1830,1170/976,,,,
-56.1633668731495,-34.9063636352528,43165730,M.H.N,Monumento a José Pedro Varela,1170/976,,,,
-56.0819247373066,-34.8853803043948,43165731,B.I.D,Portones de Carrasco,Dº 26864,,,,
-56.0817821932483,-34.8856325502935,43165732,B.I.D,Portones de Carrasco,Dº 26864,,,,
-56.1997500018634,-34.9065138866732,43165733,M.H.N,Monumento al Gral José Gervasio Artigas y Mausoleo,1170/976,,,,
-56.2008222222001,-34.9065638889011,43165734,M.H.N,Puerta de la Ciudadela,1097/975,,,,
-56.1968694993115,-34.8774249651597,43165735,M.H.N,Monumento a Joaquín Suarez,1170/976,,,,
-56.2084906943094,-34.8597111910636,43165736,M.H.N,Monumento a los últimos Charrúas,1170/976,,,,
-56.1701865864338,-34.9251137455691,43165737,M.H.N,Memorial del Holocausto del Pueblo Judío,20 de setiembre 1995,Rambla Pte. Wilson,,,
-56.1963114937002,-34.8576765955293,43165738,M.H.N,Monumento a Aparicio Saravia,1170/976,,,,
-56.2052477993683,-34.9026746865623,43165739,M.H.N,Monumento a Hernandarias,1170/976,,,,
-56.1552396167236,-34.8926008972676,43165740,M.H.N,Monumento a la Carreta,1170/976,,,,
-56.1623811408202,-34.9064671763824,43165741,M.H.N,Monumento al Viejo Pancho,1170/976,,,,
-56.2017446965546,-34.9076510648181,43165742,M.H.N,Baluarte de San Sebastián,1097/975,,,,
-56.2036068391435,-34.9105587186668,43165743,M.H.N,Cubo del Sur,1097/975,,,,
-56.1575618485453,-34.8930490220411,43165744,M.H.N,Víctima de la Guerra Civil,1170/976,,,,
-56.2566322515726,-34.8954197391795,43165745,M.H.N,Memorial de Recordación de los Detenidos Desaparecidos,211/014,Parque Vaz Ferreira - Parque del Cerro de Montevideo,,,
-56.2600811195806,-34.888435423598,43165746,M.H.N,Faro del Cerro de Montevideo,333/976,,,,
-56.1604626880987,-34.9351839189499,43165747,M.H.N,Faro de Punta Brava,333/976,,,,
-56.1848724073386,-34.9055082226545,43165749,M.H.N,Monumento el Gaucho,1170/976,,,,
-56.2005891588541,-34.8251224910762,43165751,M.H.N,Casilla de Señales,2100/975,,,,
-56.3550038036305,-34.7859816250529,43165752,M.H.N,Puente de Hierro Giratorio,1336/997,,,,
-56.1884972,-34.9043027,66440759,B.I.D,Schinus molle L. 'Anacahuita' 'Aguaribay' 'Árbol de la Pimienta',Decreto Departamental Nº26728,Yaguarón 1403 y Colonia 1297 (Torre de los Profesionales),,,
-56.1574472,-34.8945527,66440760,B.I.D,Quercus suber 'Alcornoque',Decreto Departamental N°26728,"Parque Batlle, Av. Dr. Lorenzo Merola.",,,
-56.1573694,-34.8944694,66440761,B.I.D,Lithraea molleoides 'Aruera',Decreto Departamental N°26728,"Parque Batlle, sobre camino que circunvala la pista de atletismo",,,
-56.1566777,-34.8964333,66440762,B.I.D,Washingtonia robusta (círculos 69 ejemplares),Decreto Departamental N°26728,"Parque Batlle, Avenida Dr. Lorenzo Merola y Senda Alfredo Olivera",,,
-56.1520861,-34.8928638,66440763,B.I.D,Podocarpus sp.,Decreto Departamental Nº26728,"UdelaR, Dr. Américo Ricaldoni y pasaje vehicular (frente a tribuna Olímpica)",,,
-56.1518916,-34.8924166,66440764,B.I.D,Araucaria heterophylla (2 ejemplares),Decreto Departamental Nº26728,"UdelaR, Dr. Américo Ricaldoni y pasaje vehicular (frente a tribuna Olímpica)",,,
-56.1525611,-34.8924472,66440765,B.I.D,Libocedrus decurrens (2 ejemplares),Decreto Departamental Nº26728,"UdelaR, Dr. Américo Ricaldoni y pasaje vehicular (frente a tribuna Olímpica)",,,
-56.1518916,-34.8926083,66440766,B.I.D,Phytolacca dioca 'Ombú',Decreto Departamental Nº26728,"UdelaR, Dr. Américo Ricaldoni y pasaje vehicular (frente a tribuna Olímpica)",,,
-56.16645,-34.9136666,66440767,B.I.D,Washingtonia robusta (alineación 9 ejemplares),Decreto Departamental Nº26728,"Parque Rodó, senda de las Washingtonias",,,
-56.1682222,-34.9128916,66440768,B.I.D,Eucalyptus globulus 'Eucaliptus criollo',Decreto Departamental Nº26728,"Parque Rodó, próximo al Pabellón de la Música",,,
-56.1693638,-34.9143666,66440769,B.I.D,Dracaena Draco 'Árbol del dragón',Decreto Departamental Nº26728,"Parque Rodó, Senda peatonal próxima a Patio Andaluz",,,
-56.1673194,-34.9140277,66440770,B.I.D,Eucalyptus tereticornis 'Eucalypto colorado',Decreto Departamental Nº26728,Parque Rodó próximo a Camino de las washingtonias,,,
-56.1672305,-34.9138055,66440771,B.I.D,Eucalyptus camaldulensis,Decreto Departamental Nº26728,"Parque Rodó, escalera hacia el lago, después de las Washingtonias",,,
-56.167025,-34.9117777,66440772,B.I.D,Eucalyptus robusta,Decreto Departamental Nº26728,"Parque Rodó, sobre Av. Dr. M. Rodriguez y Gonzalo Ramírez",,,
-56.1672888,-34.9117333,66440773,B.I.D,Eucalyptus punctata,Decreto Departamental Nº26728,"Parque Rodó, sobre Av. Dr. M. Rodriguez",,,
-56.1675833,-34.9145944,66440774,B.I.D,Magnolia grandiflora 'Magnolia',Decreto Departamental Nº26728,"Parque Rodó, sobre Av. José G. Requena, Próximo al monumento de Rodó",,,
-56.1673305,-34.9138722,66440775,B.I.D,Acanthosyris spinescens 'Quebracho flojo',Decreto Departamental Nº26728,"Parque Rodó, escalera hacia el lago, después de las Washingtonias",,,
-56.1662416,-34.911825,66440776,B.I.D,Erythrina cristagalli 'Ceibo',Decreto Departamental Nº26728,"Parque Rodó, sobre el lago mirando hacia el Castillo",,,
-56.1668527,-34.9122472,66440777,B.I.D,Taxodium distichum 'Ciprés calvo' (rodal 4 ejemplares),Decreto Departamental Nº26728,"Parque Rodó, sobre el lago mirando hacia el Castillo",,,
-56.1994648,-34.845505,66440778,B.I.D,Myrcianthes pungens 'Guaviyú' (8 ejemplares),Decreto Departamental N°26728,"Av. de las Instrucciones 938, Museo de antropología (ex Quinta de la flia. Mendilaharsu)",,,
-56.2003722,-34.8446027,66440779,B.I.D,Araucaria columnaris,Decreto Departamental N°26728,"Av. de las Instrucciones 940, Museo de antropología (ex Quinta de la flia. Mendilaharsu)",,,
-56.1996416,-34.8450222,66440780,B.I.D,Magnolia grandiflora (alineación 19 ejemplares),Decreto Departamental N°26728,"Av. de las Instrucciones 938, Museo de antropología (ex Quinta de la flia. Mendilaharsu)",,,
-56.2003666,-34.8448361,66440781,B.I.D,Araucaria angustifolia 'Pino de Brasil' (avenida 30),Decreto Departamental N°26728,"Av. de las Instrucciones 938, Museo de antropología (ex Quinta de la flia. Mendilaharsu)",,,
-56.1872327,-34.9123365,66440782,B.I.D,Archontophoenix cunnighamina (7 ejemplares),Decreto Departamental Nº26728,Av. Gonzalo Ramirez 1302 (Cementerio Central),,,
-56.1871972,-34.91425,66440783,B.I.D,Howea forsteriana (11 ejemplares),Decreto Departamental Nº26728,Av. Gonzalo Ramirez 1302 (Cementerio Central),,,
-56.187219,-34.9128683,66440784,B.I.D,Cupressus macrocarpa ' Ciprés lambertiana' (2 ejemplares),Decreto Departamental Nº26728,Av. Gonzalo Ramirez 1302 (Cementerio Central),,,
-56.1996861,-34.8469944,66440785,B.I.D,Araucaria cunninghamii,Decreto Departamental Nº26728,"Av. Millán 4250, viviendas Town Park (ex Quinta Da Silva)",,,
-56.1995361,-34.8462388,66440786,B.I.D,Agathis robusta 'Dammara',Decreto Departamental Nº26728,"Av. Millán 4250, viviendas Town Park (ex Quinta Da Silva)",,,
-56.1992194,-34.8467027,66440787,B.I.D,Jubaea spectabilis (3 ejemplares),Decreto Departamental Nº26728,"Av. Millán 4250, viviendas Town Park (ex Quinta Da Silva)",,,
-56.1908833,-34.8499388,66440788,B.I.D,Araucaria heterophylla (5 ejemplares),Decreto Departamental Nº26728,"Pedro Trápani 1197, Sanatorio Schiaffino (ex Quinta Piñeyrúa)",,,
-56.190325,-34.850975,66440789,B.I.D,Araucaria bidwillii (2 ejemplares),Decreto Departamental Nº26728,"Pedro Trápani 1197, Sanatorio Schiaffino (ex Quinta Piñeyrúa)",,,
-56.1896944,-34.8505666,66440790,B.I.D,Araucaria columnaris,Decreto Departamental Nº26728,"Pedro Trápani 1197, Sanatorio Schiaffino (ex Quinta Piñeyrúa)",,,
-56.1898305,-34.8503166,66440791,B.I.D,Araucaria cunninghamii,Decreto Departamental Nº26728,"Pedro Trápani 1197, Sanatorio Schiaffino (ex Quinta Piñeyrúa)",,,
-56.1902083,-34.8502888,66440792,B.I.D,Cupressus torulosa,Decreto Departamental Nº26728,"Pedro Trápani 1197, Sanatorio Schiaffino (ex Quinta Piñeyrúa)",,,
-56.1906693,-34.8504922,66440793,B.I.D,Pinus canariensis,Decreto Departamental Nº26728,"Pedro Trápani 1197, Sanatorio Schiaffino (ex Quinta Piñeyrúa)",,,
-56.1910361,-34.8504138,66440794,B.I.D,Stypholobiun japonicun var. pendula 'Sopora pendula',Decreto Departamental Nº26728,"Pedro Trápani 1197, Sanatorio Schiaffino (ex Quinta Piñeyrúa)",,,
-56.2039388,-34.8633333,66440795,B.I.D,Phoenix paludosa,Decreto Departamental N°26728,"Lucas Obes 997, Practicas de la escuela de Jardinería (ex Quinta de Beherens)",,,
-56.2031055,-34.8635722,66440796,B.I.D,Araucaria heterophylla,Decreto Departamental N°26728,"Lucas Obes 1021, Casa de la cultura",,,
-56.2203555,-34.8367666,66440797,B.I.D,Sequoiadendron giganteum,Decreto Departamental Nº26728,"Av. Garzón 780, Facultad de Agronomía",,,
-56.2196555,-34.8368888,66440798,B.I.D,Araucaria angustofolia 'Pino de Brasil' (avenida 36 ejemplares),Decreto Departamental Nº26728,"Av. Garzón 780, Facultad de Agronomía",,,
-56.1492,-34.8902444,66440799,B.I.D,Araucaria angustifolia 'Pino de Brasil',Decreto Departamental Nº26728,Juan Spikerman 2085,,,
-56.2067722,-34.8549558,66440800,B.I.D,Ficus macrophylla,Decreto Departamental Nº26728,"Zona norte del Parque Prado, circunvalación Gabriela Mistral",,,
-56.2073805,-34.8542305,66440801,B.I.D,Podocarpus sp,Decreto Departamental Nº26728,"Zona norte del Parque Prado, circunvalación Gabriela Mistral",,,
-56.2072194,-34.8543861,66440802,B.I.D,Ficus retusa,Decreto Departamental Nº26728,"Zona norte del Parque Prado, circunvalación Gabriela Mistral",,,
-56.2068416,-34.8559694,66440803,B.I.D,Cupressus torulosa,Decreto Departamental Nº26728,"Zona norte del Parque Prado, Av. Gabriela Mistral",,,
-56.206875,-34.8555388,66440804,B.I.D,Eucalyptus globulus,Decreto Departamental Nº26728,"Zona norte del Parque Prado, Av. Gabriela Mistral",,,
-56.2068111,-34.8555888,66440805,B.I.D,Plátanus acerifolia,Decreto Departamental Nº26728,"Zona norte del Parque Prado, Av. Gabriela Mistral",,,
-56.2067861,-34.8552833,66440806,B.I.D,Platanus acerifolia (rodal 30 ejemplares),Decreto Departamental Nº26728,"Zona norte del Parque Prado, Av. Gabriela Mistral",,,
-56.2072972,-34.8558083,66440807,B.I.D,Araucaria bidwillii (Bunya-bunya),Decreto Departamental Nº26728,"Zona norte del Parque Prado, Av. Gabriela Mistral",,,
-56.2051888,-34.8561444,66440808,B.I.D,Ceiba crispiflora,Decreto Departamental Nº26728,"Zona norte del Parque Prado, muy próximo a pista skate",,,
-56.2053694,-34.8564333,66440809,B.I.D,Ceiba crispiflora,Decreto Departamental Nº26728,"Zona norte del Parque Prado, próximo a pista skate",,,
-56.2072111,-34.8561666,66440810,B.I.D,Araucaria angustifolia 'Pino de Brasil' (avenida 29 ejemplares),Decreto Departamental Nº26728,"Zona norte del Parque Prado, circunvalación Gabriela Mistral",,,
-56.1635113,-34.9120935,66440811,B.I.D,Cedrus Deodara (1 ejemplar de 7 ejemplares),Decreto Departamental Nº36063,"Barrio Jardín del Parque Rodó, Bv. Artigas 917",,,
-56.1636279,-34.9123885,66440812,B.I.D,Cedrus Deodara (1 ejemplar de 7 ejemplares),Decreto Departamental Nº36063,"Barrio Jardín del Parque Rodó, 21 de Setiembre 2385",,,
-56.1633083,-34.9125646,66440813,B.I.D,Cedrus Deodara (1 ejemplar de 7 ejemplares),Decreto Departamental Nº36063,"Barrio Jardín del Parque Rodó, 21 de Setiembre 2391",,,
-56.1650689,-34.9109325,66440814,B.I.D,Cedrus Deodara (1 ejemplar de 7 ejemplares),Decreto Departamental Nº36063,"Barrio Jardín del Parque Rodó, Javier de Viana 1025",,,
-56.1643912,-34.9110181,66440815,B.I.D,Cedrus Deodara (1 ejemplar de 7 ejemplares),Decreto Departamental Nº36063,"Barrio Jardín del Parque Rodó, Javier de Viana 1005",,,
-56.1644577,-34.911371,66440816,B.I.D,Cedrus Deodara (1 ejemplar de 7 ejemplares),Decreto Departamental Nº36063,"Barrio Jardín del Parque Rodó, Gurí 968",,,
-56.1645754,-34.9114572,66440817,B.I.D,Cedrus Deodara (1 ejemplar de 7 ejemplares),Decreto Departamental Nº36063,"Barrio Jardín del Parque Rodó, Gurí 968",,,
-56.1490083,-34.9078694,66440818,M.H.N,Arbol «Ficos Macrophylia» - Árbol de la Cultura,293/986,"Miguel Barreiro 3150, Escuela N° 193",,,
-56.1561416,-34.8778861,66440819,B.I.D,Ficus retusa L.,Decreto Departamental Nº26728,Luis Alberto de Herrera 2802,,,
-56.2124888,-34.8599,66440820,B.I.D,Podocarpus sp. (4 ejemplares),Decreto Departamental Nº26728,"Entorno Parque Prado, Floresta del recuerdo, Av. M. Eugenia Vaz Ferreira",,,
-56.2063055,-34.8608972,66440821,B.I.D,Eucalyptus globulus (2 ejemplares),Decreto Departamental N°26728,"Entorno Parque Prado, Senda peatonal Jaures Larraque Pons",,,
-56.2119638,-34.8591472,66440822,B.I.D,Butia capitata 'Butia' (rodal 9 ejemplares),Decreto Departamental Nº26728,"Entorno Parque Prado, zona norte detrás del CCZ 14",,,
-56.2076027,-34.8585,66440823,B.I.D,Casuarina cunninghamiana (avenida 96 ejemplares),Decreto Departamental Nº26728,"Entorno Parque Prado, Av. María Eugenia Vaz Ferreira",,,
-56.2140055,-34.8590555,66440824,B.I.D,Magnolia grandiflora (alineación 14 ejemplares),Decreto Departamental N° 26728,"Entorno Parque Prado, calle Felipe Caballero esquina Camino Castro",,,
-56.2145295,-34.8604308,66440825,B.I.D,Acanthosyris spinescens 'Quebracho flojo' (2 ejemplares),Decreto Departamental Nº26728,"Entorno Parque Prado, Av. Agraciada 3950 (Plaza de Deportes N° 7)",,,
-56.1625496,-34.9105605,66440826,B.I.D,Cedrus atlántica glauca ' Cedro azul ',Decreto Departamental Nº26728,Parra del Riego 989 y 987,,,
-56.162599,-34.9105224,66440827,B.I.D,Cupressus sempervivens var. stricta ' Ciprés piramidal ',Decreto Departamental Nº26728,Parra del Riego 989 y 987 (estudio de abogados),,,
-56.2011777,-34.8637972,66440828,B.I.D,Taxodium mucronatum,Decreto Departamental Nº26728,"Lucas Obes 1071,73,75,77 etc (complejo de viviendas)",,,
-56.2014138,-34.8636888,66440829,B.I.D,Erythrina crista-galli 'Ceibo',Decreto Departamental Nº26728,"Lucas Obes 1071,73,75,77 etc (complejo de viviendas)",,,
-56.2016194,-34.8636611,66440830,B.I.D,Ceiba speciosa (ex Chorisia),Decreto Departamental Nº26728,19 de abril 1070 (vivienda),,,
-56.2015805,-34.8642638,66440831,B.I.D,Phoenix canariensis (2 ejemplares),Decreto Departamental Nº26728,"Lucas Obes 1071,73,75,77 etc (complejo de viviendas)",,,
-56.2019,-34.8640777,66440832,B.I.D,Ligustrum lucidum var aureovariegatum (3 ejemplares),Decreto Departamental Nº26728,"Lucas Obes 1071,73,75,77 etc (complejo de viviendas)",,,
-56.186827,-34.8650175,66440833,B.I.D,Araucaria angustifolia 'Pino de Brasil' (2 ejemplares),Decreto Departamental Nº26728,Av. Burgues 3275,,,
-56.1867305,-34.8676333,66440834,B.I.D,Styphnolobium japonicum form. pendula 'Sopora pendula',Decreto Departamental Nº26728,Av. Burgues Nº 3169,,,
-56.2106666,-34.8619222,66440835,B.I.D,Araucaria angustifolia 'Pino Brasil',Decreto Departamental N°26728,Lucas Obes 819 (Semillero IMM),,,
-56.2103083,-34.8614444,66440836,B.I.D,Cupressus macrocarpa 'Ciprés lamberciana',Decreto Departamental N°26728,Lucas Obes 819 (Semillero IMM),,,
-56.1931976,-34.8479568,66440837,B.I.D,Araucaria cunninghamii,Decreto Departamental Nº26728,Rambla costanera Francisco Lavalleja 3594 esq. Pedro Trápani (Hotel Ajedrez),,,
-56.1931703,-34.8480267,66440838,B.I.D,Arecastrum romanzoffianum,Decreto Departamental Nº26728,Rambla costanera Francisco Lavalleja 3594 esq. Pedro Trápani (Hotel Ajedrez),,,
-56.1935694,-34.8479402,66440839,B.I.D,Phoenix canariensis,Decreto Departamental Nº26728,Rambla costanera Francisco Lavalleja 3594 esq. Pedro Trápani (Hotel Ajedrez),,,
-56.1935444,-34.8478916,66440840,B.I.D,Arecastrum romanzoffianum,Decreto Departamental Nº26728,Rambla costanera Francisco Lavalleja 3594 esq. Pedro Trápani (Hotel Ajedrez),,,
-56.2050944,-34.8696388,66440841,B.I.D,Melaleuca styphelioides,Decreto Departamental Nº26728,Av. Agraciada 3397 (ex- embajada Argentina ex-quinta de Adolfo Berro),,,
-56.2049069,-34.8695757,66440842,B.I.D,Ceiba speciosa (ex Chorisia),Decreto Departamental Nº26728,Av. Agraciada 3397 (ex- embajada Argentina ex-quinta de Adolfo Berro),,,
-56.2054777,-34.8694027,66440843,B.I.D,Podocarpus sp.,Decreto Departamental Nº26728,Av. Agraciada 3397 (ex- embajada Argentina ex-quinta de Adolfo Berro),,,
-56.2062777,-34.8706833,66440844,B.I.D,Eucalyptus sideroxylon,Decreto Departamental Nº26728,Av. Agraciada 3397 (ex- embajada Argentina ex-quinta de Adolfo Berro),,,
-56.2059824,-34.869722,66440845,B.I.D,Araucaria cunninghamii,Decreto Departamental Nº26728,Av. Agraciada 3397 (ex- embajada Argentina ex-quinta de Adolfo Berro),,,
-56.2060727,-34.8698629,66440846,B.I.D,Phoenix paludosa,Decreto Departamental Nº26728,Av. Agraciada 3397 (ex- embajada Argentina ex-quinta de Adolfo Berro),,,
-56.2060763,-34.87016,66440847,B.I.D,Chamaerops humilis,Decreto Departamental Nº26728,Av. Agraciada 3397 (ex- embajada Argentina ex-quinta de Adolfo Berro),,,
-56.1980599,-34.8588192,66440848,B.I.D,Phoenix canariensis (rodal),Decreto Departamental Nº26728,Av Suarez 3781 (Colegio San Pablo ex Residencia Soneira),,,
-56.198147,-34.8585788,66440849,B.I.D,Arecastrum romanzoffianum 'Pindó' (alineación 23 ejemplares),Decreto Departamental Nº26728,Av Suarez 3781 (Colegio San Pablo ex Residencia Soneira),,,
-56.1911334,-34.9061615,66440850,B.I.D,Dracaena Draco 'Árbol del Dragón',Decreto Departamental Nº26728,Plaza Cagancha (Circunvalación Enrique Tarigo y 18 de Julio),,,
-56.0497055,-34.8795722,66440851,B.I.D,Taxodium distichum 'Ciprés calvo' (5 ejemplares),Decreto Departamental Nº28326,Lieja 7080 esquina Gral. Nariño (edificio de viviendas),,,
-56.0497354,-34.8791265,66440852,B.I.D,Liquidambar styraciflua 'Liquidambar',Decreto Departamental Nº28326,Lieja 7080 esquina Gral. Nariño (edificio de viviendas),,,
-56.0501358,-34.8791283,66440853,B.I.D,Ceiba speciosa ex Chorisia 'Palo borracho' (3 ejemplares),Decreto Departamental Nº28326,Lieja 7080 esquina Gral. Nariño (edificio de viviendas),,,
-56.1563905,-34.9131918,66440854,M.H.N,Phytolacca dioica 'Ombú',293/986,Bv. España y Carlos Berg (Rotonda),,,
-56.1492027,-34.9190444,66440855,B.I.D,Phytolacca dioica 'Ombú',Decreto Departamental Nº26728,Rambla República del Perú 719-725 y Solano Antuña (estación ANCAP),,,
-56.1549666,-34.8793027,66440856,B.I.D,Dracaena Draco 'Árbol del Dragón',Decreto Departamental N° 26728,Luis Alberto de Herrera y Monte Caseros,,,
-56.1162527,-34.8714944,66440857,B.I.D,Phytolacca dioica 'Ombú' (2 ejemplares),Decreto Departamental Nº26728,Camino Carrasco e Hipólito Irigoyen,,,
-56.207823,-34.8671406,66440858,B.I.D,Ceiba speciosa (ex Chorisia) 'Palo de borracho',Decreto Departamental N°26728,Av. Agraciada 3567 esq. Buschental (ex casa quinta de Adolfo Seré),,,
-56.2079183,-34.8672721,66440859,B.I.D,Araucaria bidwillii,Decreto Departamental N°26728,Av. Agraciada 3567 esq. Buschental (ex casa quinta de Adolfo Seré),,,
-56.2059722,-34.8641222,66440860,B.I.D,Ceiba speciosa 'Palo borracho' (ex Chorisia),Decreto Departamental Nº26728,Av. Buschental 3455,,,
-56.1971858,-34.8555611,66440861,B.I.D,Schinus molle L. 'Anacahuita' 'Aguaribay' 'Arbol de la Pimienta',Decreto Departamental Nº26728,Av Millán 3907 (laboratorios Spefar),,,
-56.1988984,-34.8488586,66440862,B.I.D,Agathis robusta 'Dammara',Decreto Departamental Nº26728,Avenida Millán 4175,,,
-56.1925333,-34.8593166,66440863,B.I.D,Phytolacca dioca 'Ombú',Decreto Departamental Nº26728,Florencio Escardó 1371,,,
-56.1991638,-34.8601166,66440864,B.I.D,Zelcova carpinofolia (2 ejemplares),Decreto Departamental N°26728,19 de abril 1071 (Jardín Botánico),,,
-56.1988361,-34.8606222,66440865,B.I.D,Cupressus macrocarpa 'Ciprés lamberciana',Decreto Departamental N°26728,19 de abril 1071 (Jardín Botánico),,,
-56.2011888,-34.8602444,66440866,B.I.D,Taxodium distichum (alineación 29 ejemplares),Decreto Departamental N°26728,19 de abril 1071 (Jardín Botánico),,,
-56.2010907,-34.8579958,66440867,B.I.D,Ulmus parvifolia,Decreto Departamental N°26728,19 de abril 1071 (Jardín Botánico),,,
-56.1994416,-34.8603944,66440868,B.I.D,Carya illinoiensis 'Pecán',Decreto Departamental N°26728,19 de abril 1071 (Jardín Botánico),,,
-56.2013305,-34.8594333,66440869,B.I.D,Washingtonia robusta (rodal 23 ejemplares),Decreto Departamental N°26728,19 de abril 1071 (Jardín Botánico),,,
-56.1996651,-34.8597479,66440870,B.I.D,X Butiagrus nabonandii 'Palmera híbrida',Decreto Departamental N°26728,19 de abril 1071 (Jardín Botánico),,,
-56.1988222,-34.8593472,66440871,B.I.D,Eucalyptus saligna,Decreto Departamental N°26728,19 de abril 1071 (Jardín Botánico),,,
-56.2026222,-34.8581083,66440872,B.I.D,Podocarpus sp.,Decreto Departamental N°26728,"Parque Prado, Av. Hugo Balzo entre Atilio Pelosi y Luis A. de Herrera",,,
-56.1997,-34.8590944,66440873,B.I.D,Ulmus americana,Decreto Departamental N°26728,19 de abril 1071 (Jardín Botánico),,,
-56.1997472,-34.858525,66440874,B.I.D,Corymbia maculata 'Eucalypto' (2 ejemplares),Decreto Departamental N°26728,19 de abril 1071 (Jardín Botánico cantero de las Myrtaceas),,,
-56.2019916,-34.8591333,66440875,B.I.D,Sequoia sempervirens (4 ejemplares),Decreto Departamental N°26728,19 de abril 1071 (Jardín Botánico),,,
-56.2008027,-34.8577694,66440876,B.I.D,Cinnamomum camphora 'Alcanfor' 'Alcanforero' (2 ejemplares),Decreto Departamental N° 26728,19 de abril 1071 (Jardín Botánico),,,
-56.2155306,-34.834422,66440877,B.I.D,Erythrina crista-galli L. 'Ceibo',Decreto Departamental Nº26728,Camino Ariel 4737,,,
-56.2211166,-34.8471805,66440878,B.I.D,Quercus pubescens 'Roble',Decreto Departamental Nº26728,Carlos María de Pena 4751,,,
-56.1511436,-34.8814141,66440879,B.I.D,Araucaria angustifolia 'Pino de Brasil' (2 ejemplares),Decreto Departamental Nº26728,Asilo 3255 (IPES),,,
-56.150875,-34.8812638,66440880,B.I.D,Araucaria heterophylla 'Araucaria' (2 ejemplares),Decreto Departamental Nº26728,Asilo 3255 (IPES),,,
-56.1788346,-34.843827,66440881,B.I.D,Phoenix paludosa,Decreto Departamental N°26728,"Av Burgues 4259, Cementerio del Norte, frente al Crematorio.",,,
-56.1786305,-34.8444649,66440882,B.I.D,Phoenix paludosa,Decreto Departamental N°26728,"Av Burgues 4259, Cementerio del Norte, rotonda avenida central de acceso",,,
-56.1399411,-34.9004842,66440883,B.I.D,Schinus molle L. 'Anacahuita' 'Aguaribay' 'Arbol de la Pimienta',Decreto Departamental Nº31223,Marco Bruto 1438,,,
-56.1461555,-34.9009944,66440884,B.I.D,Phoenix paludosa,Decreto Departamental Nº26728,"Av. Gral Rivera 3245 y 3275, Zoológico Villa Dolores",,,
-56.1572138,-34.8972583,66440885,B.I.D,Quercus ilex 'Encina',Decreto Departamental N°26728,"Parque Batlle, Av. Ramón Benzano y Av. Lorenzo Merola",,,
-56.1687694,-34.9138305,66440886,B.I.D,Phoenix canariensis (avenida 33 ejemplares),Decreto Departamental Nº26728,"Parque Rodó, próxima al Patio Andaluz",,,
-56.1995805,-34.8411611,66440887,B.I.D,Sequoia sempervirens,Decreto Departamental Nº26728,"Av. de las Instrucciones 1057, Museo de la memoria (ex Quinta de Santos)",,,
-56.1877944,-34.9128805,66440888,B.I.D,Cupressus torulosa,Decreto Departamental Nº26728,Av. Gonzalo Ramirez 1302 (Cementerio Central),,,
-56.2003722,-34.8467611,66440889,B.I.D,Phoenix canariensis (rodal 12 ejemplares),Decreto Departamental Nº26728,"Av. Millán 4250, viviendas Town Park (ex Quinta Da Silva)",,,
-56.2053918,-34.8615554,66440890,B.I.D,Cryptomeria japonica var. compacta (rodal 5 ejemplares),Decreto Departamental Nº26728,"Rosaleda, espacio libre Juana de Ibarbourou, zona sur sobre Avda. Buschental",,,
-56.194122,-34.8557444,66440891,B.I.D,Pinus canariensis,Decreto Departamental Nº26728,"Parque Posadas, próximo al centro comercial",,,
-56.1944277,-34.856167,66440892,B.I.D,Pinus canariensis,Decreto Departamental Nº26728,"Parque Posadas, próximo al camino del centro comercial",,,
-56.1945533,-34.8560351,66440893,B.I.D,Agathis robusta 'Dammara',Decreto Departamental Nº26728,"Parque Posadas, pegado al centro comercial",,,
-56.1943782,-34.8558356,66440894,B.I.D,Araucaria bidwillii,Decreto Departamental Nº26728,"Parque Posadas, próxima al centro comercial",,,
-56.1942401,-34.8566793,66440895,B.I.D,Melaleuca styphelioides 'Árbol del papel',Decreto Departamental Nº26728,"Parque Posadas, en el borde del bosquecillo próximo a la Casona",,,
-56.1942187,-34.856267,66440896,B.I.D,Phoenix dactylífera 'Dactilero',Decreto Departamental Nº26728,"Parque Posadas, espacio libre entre la Casona y el centro comercial",,,
-56.1938148,-34.8572338,66440897,B.I.D,Jubaea spectabilis,Decreto Departamental Nº26728,"Parque Posadas, inmediata al vivero Ing. Agr. Eladio Chaves",,,
-56.1883001,-34.8590708,66440899,B.I.D,Butia capitata 'Butia' (avenida 28 ejemplares),Decreto Departamental Nº26728,"L. A. de Herrera 4196, Cambadu, sobre avenida peatonal entre la Casona y la CEP Prado",,,
-56.1876123,-34.8581557,66440900,B.I.D,Araucaria angustifolia 'Pino de Brasil' (avenida 15 ejemplares),Decreto Departamental Nº26728,"L. A. de Herrera 4196, Cambadu, sobre avenida peatonal, cercana a la cancha cerrada",,,
-56.187965,-34.8579247,66440901,B.I.D,Cupressus sempervirens,Decreto Departamental Nº26728,"L. A. de Herrera 4196, Cambadu, prado inferior sobre Vaz Ferreira",,,
-56.187657,-34.8600068,66440902,B.I.D,Phytolacca dioica 'Ombú',Decreto Departamental Nº26728,"L. A. de Herrera 4196, Cambadu, muy próximo a la casona sobre retiro lateral",,,
-56.1882793,-34.8599298,66440903,B.I.D,Pinus canariensis,Decreto Departamental Nº26728,"L. A. de Herrera 4196, Cambadu, pegado al acceso sobre Luis Alberto de Herrera",,,
-56.1881931,-34.8599426,66440904,B.I.D,Scutia buxifolia 'Coronilla',Decreto Departamental Nº26728,"L. A. de Herrera 4196, Cambadu, inmediato al acceso sobre Luis Alberto de Herrera",,,
-56.1883024,-34.859595,66440905,B.I.D,Laurus nobilis 'Laurel' 'Laurel real' 'laurel de comer' (avenida),Decreto Departamental Nº26728,"L. A. de Herrera 4196, Cambadu, sobre avenida paralela a L. A. de Herrera, divide el jardín frontal del posterior",,,
-56.1887348,-34.8596117,66440906,B.I.D,Araucaria heterophylla,Decreto Departamental Nº26728,"L. A. de Herrera 4196, Cambadu, sobre retiro frontal",,,
-56.1863179,-34.8582752,66440907,B.I.D,Populus deltoides 'Alamo de la Carolina',Decreto Departamental Nº26728,"L. A. de Herrera 4196, Cambadu, límite del predio, sobre eje medianero y calle Albert Schweizer",,,
-56.1891533,-34.8589231,66440908,B.I.D,Chaenomeles chinensis 'Membrillo del Japón' (3 ejemplares),Decreto Departamental Nº26728,"L. A. de Herrera 4196, Cambadu, sobre camino del trabajo antiguo, del lado de la Iglesia",,,
-56.187851,-34.8590982,66440909,B.I.D,Enterolobium contortisiliquum 'Timbó',Decreto Departamental Nº26728,"L. A. de Herrera 4196, Cambadu, a 20 m de la avenida principal por el acceso de L. A. de Herrera",,,
-56.188197,-34.859448,66440910,B.I.D,Ficus pseudopalma,Decreto Departamental Nº26728,"L. A. de Herrera 4196, Cambadu, próximo al Cinamommm camphora, en un claro luego de la av. De Plátanos",,,
-56.1881153,-34.8595627,66440911,B.I.D,Cinnamomum Camphora 'Alcanfor' 'Alcanforero',Decreto Departamental Nº26728,"L. A. de Herrera 4196, Cambadu, próximo a la Av. de Laurus nobilis",,,
-56.2008318,-34.8504587,66440912,B.I.D,Agathis robusta 'Dammara' (alineacion 8 ejemplares),Decreto Departamental Nº26728,"Camino Castro esq. María Orticochea, ex-quinta de Carlos de Castro",,,
-56.1995892,-34.8508892,66440913,B.I.D,Araucaria bidwillii,Decreto Departamental Nº26728,"Camino Castro esq. María Orticochea, ex-quinta de Carlos de Castro",,,
-56.2000384,-34.8502237,66440914,B.I.D,Araucaria cunninghamii,Decreto Departamental Nº26728,"Camino Castro esq. María Orticochea, ex-quinta de Carlos de Castro",,,
-56.2001631,-34.8508299,66440915,B.I.D,Cinnamomum camphora 'Alcanfor',Decreto Departamental Nº26728,"Camino Castro esq. María Orticochea, ex-quinta de Carlos de Castro",,,
-56.2052848,-34.8213747,66440916,B.I.D,Ceibo - Erythrina crista-galli,Decreto Departamental Nº30284,Camino Casavalle 4886,,,
-56.23522,-34.826384,66440917,B.I.D,Encina Pedunculata 'Quercus ilex',Decreto Departamental Nº29310,Av. Millán 5594,,,
-56.2351187,-34.8264663,66440918,B.I.D,Encina Pedunculata 'Quercus ilex',Decreto Departamental Nº29310,Av. Millán 5594,,,
-56.1483833,-34.8963583,66440919,B.I.D,Roble 'Quercus robur',Decreto Departamental Nº28789,Plaza Guernica,,,
-56.1775991,-34.9134978,66440920,B.I.D,Palmera 'X Butyagrus nabonnandii',Decreto Departamental Nº35813,"Magallanes, La Cumparsita, Dr. Abadie Santos y Gaboto",,,
-56.0812236,-34.8993107,66440921,M.H.N,Monumento a los Caídos de la Armada en acto de servicio,2100/975,Rambla República de México 5535 - Plaza de la Armada Nacional,,,
-56.2081453,-34.9076899,66440922,M.H.N,Monumento al Mariscal Bruno Mauricio de Zabala,1280/975,Circunvalación Durango - Plaza Zabala,,,
-56.2336572,-34.8023916,66440923,,Portones de antigua Granja de Giot,Resolución MEC del 28 de mayo de 2014,Av. Lezica y Caacupé. Frente a padrón 46193,,,
-56.2085665,-34.8226038,66440924,B.I.D,'El Trompo',Decreto Departamental Nº31546,Bv. Aparicio Saravia y Newton. Frente a padrón 48112,,,
-56.1247236,-34.8417534,66440925,B.I.D,Kiosco Policial,Decreto Departamental Nº35639,Camino Maldonado y Libia. Frente a padrón 137711,,,
-56.2721799,-34.8362095,66440926,B.I.D,Kiosco Policial,Decreto Departamental Nº35639,Av. Luis Batlle Berres y Camino Tomkinson. Frente a padrón 419168,,,
-56.152385,-34.8010551,66440927,M.H.N,Monumento 'La Batalla de Sarandí',1170/976,Cno. Al Paso del Andaluz casi Instrucciones - Brigada de Caballería Nº3,,,
-56.203543,-34.9065621,66440928,M.H.N,Fuente de Mármol de la Plaza de la Constitución,1097/975,Ituzaingó; Rincón; Sarandí y Juan Carlos Gómez - Plaza de la Constitución,,,
-56.1787454,-34.8842459,66440929,B.I.D,Kiosco Policial,Decreto Departamental Nº35639,Inca y Arenal Grande (Plazuela Roberto Fugazot),,,
-56.2130318,-34.9106249,66440930,B.I.D,Kiosco Policial,Decreto Departamental Nº35639,Rambla Pte. Wilson y Bvar. Gral. Artigas,,,
-56.2033142,-34.8723508,66440931,B.I.D,Kiosco Policial,Decreto Departamental Nº35639,Bvar. Gral. Artigas y Maturana (Plazuela República de Cuba),,,
-56.1116614,-34.8802019,66440932,B.I.D,Kiosco Policial,Decreto Departamental Nº35639,Hipólito Irigoyen 2069 -2057-2061-2065,,,
-56.1615453,-34.9286691,66440933,B.I.D,Kiosco Policial,Decreto Departamental Nº35639,Ing. Monteverde y Sarandí (Plaza Guruyú),,,
-56.1660025,-34.9145803,66440934,B.I.D,Kiosco Terminal de Ómnibus,Decreto Departamental Nº35639,Av. J. G. Requena García y Av. Julio Herrera y Reissig - Parque Rodó,,,
-56.1408799,-34.9019689,66440935,B.I.D,Kiosco Policial,Decreto Departamental Nº35639,Av. Gral. Rivera y Julio César,,,
-56.1198366,-34.8980304,66440936,B.I.D,Kiosco Policial,Decreto Departamental Nº35639,Rambla República de Chile y Av. Mariscal Francisco Solano López,,,
-56.1015392,-34.8242664,66440937,B.I.D,Kiosco Policial,Decreto Departamental Nº35639,Camino Maldonado y Aries,,,
-56.1422246,-34.9095813,66440938,B.I.D,Kiosco Policial,Decreto Departamental Nº35639,Rambla República del Perú y Buxareo (Plaza Winston Churchill),,,
-56.1409134,-34.8290911,66440939,B.I.D,Kiosco Policial,Decreto Departamental Nº35639,Av. José Belloni y Av. Gral. Flores,,,
-56.1919167,-34.9128771,66440940,B.I.D,Kiosco Policial,Decreto Departamental Nº35639,Rambla república Argentina y Paraguay,,,
-56.1301629,-34.8929898,66440941,B.I.D,Kiosco Policial,Decreto Departamental Nº35639,Bvar. José Batlle y Ordóñez y Av. Ramón Anador,,,
-56.2064245358763,-34.8486961114237,67784218,B.I.D,Ficus microcarpa 'Higuera de la China' 'Laurel de Indias',Decreto Departamental Nº37392,Domingo Torres 4295,,,
-56.1510083315738,-34.9170303742613,93680580,B.I.D,Araucaria Heterophylla,Decreto Departamental Nº 38.556,Jaime Zudáñez 2860,,,
-56.2784999994912,-34.844055560217,166668823,B.I.D,Platanus acerifolia 'Plátano Avenida',Decreto Departamental Nº26728,"Calle Los Platanos, entre Costanera Parque Tomkinson y Cno Tomkinson",,,
-56.2061666702454,-34.8589722200714,166668824,B.I.D,Sequoiadendron giganteum,Decreto Departamental Nº26728,"Parque del Prado, zona sur sobre Av. Buschental (Rosaleda espacio libre Juana de Ibarbourou)",,,
-56.2054166698629,-34.8619166702938,166668825,B.I.D,Araucaria angustifolia 'Pino de Brasil',Decreto Departamental Nº26728,"Parque del Prado, zona sur sobre Av. Buschental (Rosaleda espacio libre Juana de Ibarbourou)",,,
-56.2022222194872,-34.8586111097723,166668826,B.I.D,Ulmus galbra,Decreto Departamental Nº26728,19 de abril 1071 (Jardín Botánico),,,
-56.1963888895211,-34.8611388903383,166668827,B.I.D,Araucaria heterophylla,Decreto Departamental Nº26728,Av. Suarez y 19 de Abril,,,
-56.1516282316161,-34.8939298050699,169051255,B.I.D,Torre de los Homenajes del Estadio Centenario,Decreto Departamental Nº26864,Av. Dr. Americo Ricaldoni 1831 Héctor Scarone 2926 Av. Federico R. Vidiella 17,false,,
